1/4/2021,7:00:00 AM,29.6679000,29.7634000,30.1014000,29.9324000
1/5/2021,7:00:00 AM,29.6580000,29.7443000,30.0572000,29.9008000
1/6/2021,7:00:00 AM,29.6665000,29.7604000,30.0907000,29.9256000
1/7/2021,7:00:00 AM,29.6658000,29.7578000,30.0933000,29.9256000
1/8/2021,7:00:00 AM,29.8479000,29.9434000,30.2633000,30.1034000
1/11/2021,7:00:00 AM,29.8876000,29.9818000,30.3156000,30.1487000
1/12/2021,7:00:00 AM,29.8950000,29.9867000,30.3284000,30.1576000
1/13/2021,7:00:00 AM,29.7523000,29.8473000,30.1846000,30.0160000
1/14/2021,7:00:00 AM,29.7406000,29.8347000,30.1787000,30.0067000
1/15/2021,7:00:00 AM,29.7205000,29.8133000,30.1533000,29.9833000
1/18/2021,7:00:00 AM,29.8492000,29.9379000,30.2687000,30.1033000
1/19/2021,7:00:00 AM,29.7992000,29.8937000,30.2284000,30.0611000
1/20/2021,7:00:00 AM,29.7209000,29.8107000,30.1568000,29.9838000
1/21/2021,7:00:00 AM,29.6728000,29.7686000,30.1162000,29.9424000
1/22/2021,7:00:00 AM,29.7060000,29.8015000,30.1412000,29.9714000
1/25/2021,7:00:00 AM,29.7117000,29.8077000,30.1561000,29.9819000
1/26/2021,7:00:00 AM,29.7094000,29.8011000,30.1515000,29.9763000
1/27/2021,7:00:00 AM,29.7049000,29.7994000,30.1510000,29.9752000
1/28/2021,7:00:00 AM,29.7639000,29.8580000,30.2011000,30.0296000
1/29/2021,7:00:00 AM,29.7204000,29.8146000,30.1710000,29.9928000
2/1/2021,7:00:00 AM,29.6450000,29.7392000,30.0848000,29.9120000
2/2/2021,7:00:00 AM,29.7106000,29.8031000,30.1560000,29.9796000
2/3/2021,7:00:00 AM,29.7478000,29.8420000,30.1811000,30.0116000
2/4/2021,7:00:00 AM,29.7531000,29.8473000,30.1937000,30.0205000
2/5/2021,7:00:00 AM,29.8382000,29.9337000,30.2811000,30.1074000
2/8/2021,7:00:00 AM,29.7765000,29.8686000,30.2166000,30.0426000
2/9/2021,7:00:00 AM,29.6936000,29.7906000,30.1452000,29.9679000
2/10/2021,7:00:00 AM,29.6471000,29.7420000,30.1029000,29.9225000
2/11/2021,7:00:00 AM,29.6407000,29.7359000,30.0897000,29.9128000
2/15/2021,7:00:00 AM,29.6234000,29.7072000,30.0332000,29.8702000
2/16/2021,7:00:00 AM,29.5908000,29.6847000,30.0445000,29.8646000
2/17/2021,7:00:00 AM,29.7301000,29.8163000,30.1451000,29.9807000
2/18/2021,7:00:00 AM,29.7334000,29.8259000,30.1742000,30.0001000
2/19/2021,7:00:00 AM,29.7488000,29.8424000,30.1870000,30.0147000
2/22/2021,7:00:00 AM,29.7233000,29.8189000,30.1652000,29.9921000
2/23/2021,7:00:00 AM,29.7289000,29.8221000,30.1767000,29.9994000
2/24/2021,7:00:00 AM,29.7503000,29.8442000,30.2094000,30.0268000
2/25/2021,7:00:00 AM,29.7825000,29.8736000,30.2132000,30.0434000
3/1/2021,7:00:00 AM,30.0878000,30.1832000,30.5225000,30.3529000
3/2/2021,7:00:00 AM,30.0460000,30.1411000,30.4685000,30.3048000
3/3/2021,7:00:00 AM,30.0215000,30.1158000,30.4604000,30.2881000
3/4/2021,7:00:00 AM,30.0938000,30.1888000,30.5389000,30.3639000
3/5/2021,7:00:00 AM,30.1857000,30.2795000,30.6129000,30.4462000
3/8/2021,7:00:00 AM,30.3583000,30.4533000,30.7917000,30.6225000
3/9/2021,7:00:00 AM,30.6029000,30.7010000,31.0284000,30.8647000
3/10/2021,7:00:00 AM,30.4862000,30.5813000,30.9332000,30.7573000
3/11/2021,7:00:00 AM,30.3743000,30.4712000,30.8116000,30.6414000
3/12/2021,7:00:00 AM,30.3861000,30.4784000,30.7967000,30.6376000
3/15/2021,7:00:00 AM,30.4589000,30.5518000,30.8912000,30.7215000
3/16/2021,7:00:00 AM,30.4683000,30.5618000,30.8995000,30.7307000
3/17/2021,7:00:00 AM,30.5271000,30.6203000,30.9601000,30.7902000
3/18/2021,7:00:00 AM,30.4836000,30.5793000,30.9042000,30.7418000
3/19/2021,7:00:00 AM,30.6355000,30.7320000,31.0620000,30.8970000
3/22/2021,7:00:00 AM,30.6361000,30.7331000,31.0687000,30.9009000
3/23/2021,7:00:00 AM,30.6929000,30.7881000,31.1158000,30.9520000
3/24/2021,7:00:00 AM,30.7521000,30.8471000,31.1818000,31.0145000
3/25/2021,7:00:00 AM,30.8086000,30.9043000,31.2532000,31.0788000
3/26/2021,7:00:00 AM,30.8933000,30.9884000,31.3321000,31.1603000
3/29/2021,7:00:00 AM,30.9265000,31.0191000,31.3520000,31.1856000
3/30/2021,7:00:00 AM,30.9652000,31.0602000,31.4003000,31.2303000
3/31/2021,7:00:00 AM,31.0817000,31.1735000,31.5052000,31.3394000
4/1/2021,7:00:00 AM,31.0111000,31.1066000,31.4333000,31.2700000
4/2/2021,7:00:00 AM,30.9802000,31.0751000,31.4112000,31.2432000
4/5/2021,7:00:00 AM,31.0732000,31.1687000,31.5091000,31.3389000
4/7/2021,7:00:00 AM,31.0387000,31.1325000,31.4728000,31.3027000
4/8/2021,7:00:00 AM,31.1683000,31.2645000,31.6112000,31.4379000
4/9/2021,7:00:00 AM,31.1529000,31.2507000,31.5845000,31.4176000
4/12/2021,7:00:00 AM,31.2745000,31.3676000,31.7040000,31.5358000
4/16/2021,7:00:00 AM,30.9991000,31.0931000,31.4249000,31.2590000
4/19/2021,7:00:00 AM,30.9760000,31.0706000,31.4033000,31.2370000
4/20/2021,7:00:00 AM,30.9504000,31.0458000,31.3961000,31.2210000
4/21/2021,7:00:00 AM,31.0402000,31.1363000,31.4802000,31.3083000
4/22/2021,7:00:00 AM,31.0540000,31.1475000,31.4964000,31.3220000
4/23/2021,7:00:00 AM,31.1345000,31.2313000,31.5714000,31.4014000
4/26/2021,7:00:00 AM,31.1892000,31.2665000,31.5813000,31.4239000
4/27/2021,7:00:00 AM,31.1548000,31.2524000,31.5903000,31.4214000
4/28/2021,7:00:00 AM,31.1368000,31.2305000,31.5853000,31.4079000
4/29/2021,7:00:00 AM,31.0110000,31.0919000,31.4108000,31.2514000
4/30/2021,7:00:00 AM,30.9272000,31.0208000,31.3692000,31.1950000
5/5/2021,7:00:00 AM,30.9205000,31.0177000,31.3553000,31.1865000
5/6/2021,7:00:00 AM,30.9211000,31.0172000,31.3631000,31.1902000
5/7/2021,7:00:00 AM,30.9671000,31.0562000,31.3828000,31.2195000
5/10/2021,7:00:00 AM,30.8510000,30.9433000,31.2738000,31.1086000
5/11/2021,7:00:00 AM,30.8450000,30.9369000,31.2781000,31.1075000
5/12/2021,7:00:00 AM,30.9408000,31.0322000,31.3748000,31.2035000
5/13/2021,7:00:00 AM,31.0445000,31.1367000,31.4863000,31.3115000
5/14/2021,7:00:00 AM,31.0819000,31.1756000,31.5097000,31.3427000
5/17/2021,7:00:00 AM,31.1371000,31.2337000,31.5779000,31.4058000
5/18/2021,7:00:00 AM,31.2094000,31.3023000,31.6282000,31.4653000
5/19/2021,7:00:00 AM,31.1655000,31.2623000,31.6031000,31.4327000
5/20/2021,7:00:00 AM,31.1380000,31.2312000,31.5697000,31.4005000
5/21/2021,7:00:00 AM,31.1134000,31.2074000,31.5569000,31.3822000
5/24/2021,7:00:00 AM,31.1026000,31.2002000,31.5574000,31.3788000
5/25/2021,7:00:00 AM,31.0687000,31.1623000,31.5012000,31.3318000
5/27/2021,7:00:00 AM,31.0270000,31.1221000,31.4608000,31.2915000
5/28/2021,7:00:00 AM,31.0291000,31.1248000,31.4719000,31.2984000
5/31/2021,7:00:00 AM,30.9918000,31.0874000,31.4384000,31.2629000
6/1/2021,7:00:00 AM,30.9110000,31.0077000,31.3563000,31.1820000
6/2/2021,7:00:00 AM,30.8901000,30.9833000,31.3430000,31.1632000
6/4/2021,7:00:00 AM,30.9538000,31.0487000,31.4141000,31.2314000
6/7/2021,7:00:00 AM,30.9318000,31.0243000,31.3666000,31.1955000
6/8/2021,7:00:00 AM,30.9345000,31.0287000,31.3738000,31.2013000
6/9/2021,7:00:00 AM,30.9156000,30.9976000,31.3233000,31.1605000
6/10/2021,7:00:00 AM,30.8867000,30.9771000,31.3160000,31.1466000
6/11/2021,7:00:00 AM,30.8293000,30.9256000,31.2693000,31.0975000
6/14/2021,7:00:00 AM,30.8394000,30.9335000,31.2985000,31.1160000
6/15/2021,7:00:00 AM,30.8477000,30.9422000,31.2974000,31.1198000
6/16/2021,7:00:00 AM,30.9009000,30.9934000,31.3555000,31.1745000
6/17/2021,7:00:00 AM,31.0622000,31.1564000,31.4984000,31.3274000
6/18/2021,7:00:00 AM,31.1293000,31.2264000,31.5625000,31.3945000
6/21/2021,7:00:00 AM,31.2978000,31.3925000,31.7286000,31.5606000
6/22/2021,7:00:00 AM,31.4003000,31.4980000,31.8354000,31.6667000
6/23/2021,7:00:00 AM,31.5399000,31.6351000,31.9636000,31.7994000
6/24/2021,7:00:00 AM,31.6319000,31.7288000,32.0554000,31.8921000
6/25/2021,7:00:00 AM,31.5304000,31.6254000,31.9591000,31.7923000
6/28/2021,7:00:00 AM,31.6127000,31.7093000,32.0562000,31.8828000
6/29/2021,7:00:00 AM,31.7494000,31.8446000,32.1928000,32.0187000
6/30/2021,7:00:00 AM,31.7875000,31.8847000,32.2219000,32.0533000
7/1/2021,7:00:00 AM,31.7542000,31.8507000,32.1930000,32.0219000
7/2/2021,7:00:00 AM,31.9063000,32.0028000,32.3391000,32.1710000
7/5/2021,7:00:00 AM,31.9087000,32.0019000,32.3336000,32.1678000
7/6/2021,7:00:00 AM,31.8718000,31.9645000,32.2953000,32.1299000
7/7/2021,7:00:00 AM,32.0340000,32.1300000,32.4779000,32.3040000
7/8/2021,7:00:00 AM,32.1790000,32.2742000,32.5997000,32.4370000
7/9/2021,7:00:00 AM,32.3914000,32.4865000,32.8155000,32.6510000
7/12/2021,7:00:00 AM,32.3425000,32.4381000,32.7851000,32.6116000
7/13/2021,7:00:00 AM,32.3613000,32.4575000,32.8054000,32.6315000
7/14/2021,7:00:00 AM,32.3785000,32.4729000,32.8272000,32.6501000
7/15/2021,7:00:00 AM,32.3678000,32.4628000,32.8076000,32.6352000
7/16/2021,7:00:00 AM,32.4695000,32.5640000,32.9090000,32.7365000
7/19/2021,7:00:00 AM,32.5913000,32.6853000,33.0360000,32.8607000
7/20/2021,7:00:00 AM,32.5620000,32.6536000,32.9954000,32.8245000
7/21/2021,7:00:00 AM,32.5821000,32.6737000,33.0248000,32.8493000
7/22/2021,7:00:00 AM,32.5659000,32.6584000,33.0169000,32.8377000
7/23/2021,7:00:00 AM,32.6494000,32.7399000,33.1107000,32.9253000
7/27/2021,7:00:00 AM,32.6264000,32.7195000,33.0652000,32.8924000
7/29/2021,7:00:00 AM,32.6210000,32.7118000,33.0553000,32.8836000
7/30/2021,7:00:00 AM,32.6203000,32.7135000,33.0900000,32.9018000
8/2/2021,7:00:00 AM,32.6667000,32.7601000,33.1192000,32.9397000
8/3/2021,7:00:00 AM,32.7058000,32.8012000,33.1506000,32.9759000
8/4/2021,7:00:00 AM,32.8059000,32.8970000,33.2601000,33.0786000
8/5/2021,7:00:00 AM,32.8781000,32.9705000,33.3039000,33.1372000
8/6/2021,7:00:00 AM,33.0659000,33.1574000,33.4957000,33.3266000
8/9/2021,7:00:00 AM,33.1554000,33.2488000,33.6135000,33.4312000
8/10/2021,7:00:00 AM,33.1888000,33.2813000,33.6532000,33.4673000
8/11/2021,7:00:00 AM,33.1380000,33.2321000,33.5761000,33.4041000
8/13/2021,7:00:00 AM,32.9571000,33.0520000,33.3927000,33.2224000
8/16/2021,7:00:00 AM,33.1020000,33.1973000,33.5527000,33.3750000
8/17/2021,7:00:00 AM,33.1509000,33.2447000,33.5892000,33.4170000
8/18/2021,7:00:00 AM,32.9503000,33.0443000,33.3844000,33.2144000
8/19/2021,7:00:00 AM,33.1245000,33.2193000,33.5590000,33.3892000
8/20/2021,7:00:00 AM,33.0719000,33.1627000,33.5109000,33.3368000
8/23/2021,7:00:00 AM,33.0532000,33.1473000,33.4960000,33.3217000
8/24/2021,7:00:00 AM,32.8801000,32.9768000,33.3247000,33.1508000
8/25/2021,7:00:00 AM,32.5975000,32.6894000,33.0458000,32.8676000
8/26/2021,7:00:00 AM,32.4993000,32.5949000,32.9441000,32.7695000
8/27/2021,7:00:00 AM,32.4677000,32.5641000,32.9070000,32.7356000
8/30/2021,7:00:00 AM,32.2638000,32.3604000,32.6924000,32.5264000
8/31/2021,7:00:00 AM,32.1264000,32.2191000,32.5521000,32.3856000
9/1/2021,7:00:00 AM,32.0395000,32.1349000,32.4677000,32.3013000
9/2/2021,7:00:00 AM,32.1349000,32.2283000,32.5577000,32.3930000
9/3/2021,7:00:00 AM,32.2384000,32.3355000,32.6737000,32.5046000
9/6/2021,7:00:00 AM,32.1871000,32.2793000,32.6298000,32.4546000
9/7/2021,7:00:00 AM,32.2306000,32.3252000,32.6584000,32.4918000
9/8/2021,7:00:00 AM,32.4939000,32.5904000,32.9410000,32.7657000
9/9/2021,7:00:00 AM,32.4804000,32.5764000,32.9189000,32.7477000
9/10/2021,7:00:00 AM,32.4394000,32.5347000,32.8858000,32.7103000
9/13/2021,7:00:00 AM,32.5133000,32.6042000,32.9551000,32.7797000
9/14/2021,7:00:00 AM,32.6423000,32.7375000,33.0858000,32.9117000
9/15/2021,7:00:00 AM,32.6726000,32.7647000,33.1047000,32.9347000
9/16/2021,7:00:00 AM,32.6390000,32.7336000,33.0836000,32.9086000
9/17/2021,7:00:00 AM,32.9128000,33.0062000,33.3457000,33.1760000
9/20/2021,7:00:00 AM,33.0834000,33.1747000,33.5396000,33.3572000
9/21/2021,7:00:00 AM,33.1377000,33.2349000,33.5863000,33.4106000
9/22/2021,7:00:00 AM,33.1476000,33.2439000,33.5971000,33.4205000
9/23/2021,7:00:00 AM,33.2371000,33.3323000,33.6865000,33.5094000
9/27/2021,7:00:00 AM,33.1344000,33.2253000,33.5669000,33.3961000
9/28/2021,7:00:00 AM,33.3991000,33.4926000,33.8344000,33.6635000
9/29/2021,7:00:00 AM,33.6005000,33.6906000,34.0433000,33.8670000
9/30/2021,7:00:00 AM,33.6589000,33.7538000,34.0908000,33.9223000
10/1/2021,7:00:00 AM,33.4788000,33.5723000,33.8983000,33.7353000
10/4/2021,7:00:00 AM,33.4244000,33.5178000,33.8700000,33.6939000
10/5/2021,7:00:00 AM,33.5507000,33.6448000,34.0005000,33.8227000
10/6/2021,7:00:00 AM,33.6004000,33.6964000,34.0374000,33.8669000
10/7/2021,7:00:00 AM,33.5487000,33.6398000,33.9831000,33.8115000
10/8/2021,7:00:00 AM,33.5991000,33.6969000,34.0472000,33.8721000
10/11/2021,7:00:00 AM,33.5432000,33.6358000,33.9733000,33.8046000
10/12/2021,7:00:00 AM,33.2485000,33.3414000,33.6679000,33.5047000
10/14/2021,7:00:00 AM,32.9693000,33.0607000,33.3940000,33.2274000
10/15/2021,7:00:00 AM,32.9718000,33.0652000,33.3946000,33.2299000
10/18/2021,7:00:00 AM,33.1676000,33.2619000,33.6167000,33.4393000
10/19/2021,7:00:00 AM,33.0834000,33.1791000,33.5216000,33.3504000
10/20/2021,7:00:00 AM,33.1563000,33.2513000,33.5927000,33.4220000
10/21/2021,7:00:00 AM,33.1078000,33.2018000,33.5518000,33.3768000
10/25/2021,7:00:00 AM,32.9367000,33.0330000,33.3847000,33.2089000
10/26/2021,7:00:00 AM,32.8188000,32.9166000,33.2501000,33.0834000
10/27/2021,7:00:00 AM,32.9729000,33.0649000,33.3952000,33.2301000
10/28/2021,7:00:00 AM,33.0470000,33.1349000,33.4808000,33.3079000
10/29/2021,7:00:00 AM,32.9153000,33.0077000,33.3532000,33.1805000
11/1/2021,7:00:00 AM,33.0988000,33.2037000,33.5527000,33.3782000
11/2/2021,7:00:00 AM,33.0319000,33.1269000,33.4685000,33.2977000
11/3/2021,7:00:00 AM,33.0648000,33.1603000,33.5091000,33.3347000
11/4/2021,7:00:00 AM,33.0867000,33.1802000,33.5269000,33.3536000
11/5/2021,7:00:00 AM,33.0780000,33.1731000,33.5082000,33.3407000
11/8/2021,7:00:00 AM,32.8490000,32.9431000,33.2860000,33.1146000
11/9/2021,7:00:00 AM,32.5449000,32.6335000,32.9728000,32.8032000
11/10/2021,7:00:00 AM,32.5316000,32.6217000,32.9499000,32.7858000
11/11/2021,7:00:00 AM,32.6211000,32.7084000,33.0443000,32.8764000
11/12/2021,7:00:00 AM,32.5482000,32.6420000,32.9764000,32.8092000
11/15/2021,7:00:00 AM,32.4377000,32.5318000,32.8847000,32.7083000
11/16/2021,7:00:00 AM,32.4707000,32.5651000,32.9009000,32.7330000
11/17/2021,7:00:00 AM,32.5100000,32.6034000,32.9360000,32.7697000
11/18/2021,7:00:00 AM,32.3562000,32.4485000,32.8050000,32.6268000
11/19/2021,7:00:00 AM,32.3493000,32.4434000,32.7918000,32.6176000
11/22/2021,7:00:00 AM,32.5797000,32.6691000,33.0170000,32.8431000
11/23/2021,7:00:00 AM,32.8006000,32.8940000,33.2230000,33.0585000
11/24/2021,7:00:00 AM,32.9913000,33.0815000,33.4162000,33.2489000
11/25/2021,7:00:00 AM,33.0544000,33.1475000,33.4829000,33.3152000
11/26/2021,7:00:00 AM,33.2636000,33.3598000,33.7017000,33.5308000
11/29/2021,7:00:00 AM,33.4450000,33.5397000,33.8892000,33.7145000
11/30/2021,7:00:00 AM,33.4278000,33.5226000,33.8569000,33.6898000
12/1/2021,7:00:00 AM,33.4340000,33.5300000,33.8768000,33.7034000
12/2/2021,7:00:00 AM,33.5141000,33.6101000,33.9470000,33.7786000
12/3/2021,7:00:00 AM,33.6565000,33.7437000,34.0754000,33.9096000
12/7/2021,7:00:00 AM,33.5583000,33.6480000,33.9825000,33.8153000
12/8/2021,7:00:00 AM,33.2735000,33.3646000,33.7102000,33.5374000
12/9/2021,7:00:00 AM,33.1515000,33.2432000,33.5815000,33.4124000
12/13/2021,7:00:00 AM,33.1751000,33.2708000,33.6154000,33.4431000
12/14/2021,7:00:00 AM,33.1341000,33.2273000,33.5809000,33.4041000
12/15/2021,7:00:00 AM,33.1395000,33.2288000,33.5957000,33.4123000
12/16/2021,7:00:00 AM,33.1557000,33.2499000,33.5980000,33.4240000
12/17/2021,7:00:00 AM,33.1231000,33.2190000,33.5746000,33.3968000
12/20/2021,7:00:00 AM,33.2224000,33.3119000,33.6341000,33.4730000
12/21/2021,7:00:00 AM,33.4460000,33.5428000,33.8629000,33.7029000
12/22/2021,7:00:00 AM,33.4513000,33.5474000,33.8924000,33.7199000
12/23/2021,7:00:00 AM,33.3513000,33.4419000,33.7747000,33.6083000
12/24/2021,7:00:00 AM,33.2573000,33.3487000,33.7126000,33.5307000
12/27/2021,7:00:00 AM,33.2103000,33.3041000,33.6524000,33.4783000
12/28/2021,7:00:00 AM,33.2695000,33.3619000,33.7119000,33.5369000
12/29/2021,7:00:00 AM,33.2906000,33.3864000,33.7441000,33.5653000
1/4/2022,7:00:00 AM,33.0479000,33.1390000,33.4744000,33.3067000
1/5/2022,7:00:00 AM,32.9552000,33.0446000,33.3686000,33.2066000
1/6/2022,7:00:00 AM,33.1568000,33.2234000,33.5319000,33.3777000
1/7/2022,7:00:00 AM,33.3216000,33.4151000,33.7446000,33.5799000
1/10/2022,7:00:00 AM,33.3975000,33.4927000,33.8333000,33.6630000
1/11/2022,7:00:00 AM,33.2584000,33.3549000,33.6961000,33.5255000
1/12/2022,7:00:00 AM,33.1120000,33.2012000,33.5231000,33.3622000
1/13/2022,7:00:00 AM,33.0058000,33.1035000,33.4476000,33.2756000
1/14/2022,7:00:00 AM,32.9458000,33.0409000,33.3721000,33.2065000
1/17/2022,7:00:00 AM,33.0007000,33.0956000,33.4245000,33.2601000
1/18/2022,7:00:00 AM,32.7550000,32.8501000,33.1751000,33.0126000
1/19/2022,7:00:00 AM,32.9345000,33.0267000,33.3568000,33.1918000
1/20/2022,7:00:00 AM,32.6657000,32.7609000,33.0887000,32.9248000
1/21/2022,7:00:00 AM,32.7664000,32.8591000,33.1835000,33.0213000
1/24/2022,7:00:00 AM,32.7663000,32.8615000,33.1905000,33.0260000
1/25/2022,7:00:00 AM,32.7597000,32.8548000,33.1854000,33.0201000
1/26/2022,7:00:00 AM,32.6739000,32.7811000,33.1387000,32.9599000
1/27/2022,7:00:00 AM,32.9141000,33.0119000,33.3394000,33.1757000
1/28/2022,7:00:00 AM,33.0122000,33.1067000,33.4418000,33.2743000
1/31/2022,7:00:00 AM,33.1684000,33.2632000,33.6003000,33.4318000
2/1/2022,7:00:00 AM,32.9766000,33.0701000,33.4062000,33.2382000
2/2/2022,7:00:00 AM,32.9407000,33.0323000,33.3648000,33.1986000
2/3/2022,7:00:00 AM,32.9015000,32.9949000,33.3382000,33.1666000
2/4/2022,7:00:00 AM,32.7734000,32.8656000,33.1956000,33.0306000
2/7/2022,7:00:00 AM,32.6899000,32.7860000,33.1084000,32.9472000
2/8/2022,7:00:00 AM,32.7005000,32.7978000,33.1364000,32.9671000
2/9/2022,7:00:00 AM,32.6133000,32.7111000,33.0478000,32.8795000
2/10/2022,7:00:00 AM,32.4610000,32.5578000,32.8860000,32.7219000
2/11/2022,7:00:00 AM,32.4544000,32.5500000,32.8774000,32.7137000
2/14/2022,7:00:00 AM,32.3379000,32.4349000,32.7589000,32.5969000
2/15/2022,7:00:00 AM,32.0959000,32.1928000,32.5224000,32.3576000
2/17/2022,7:00:00 AM,31.9810000,32.0754000,32.4063000,32.2409000
2/18/2022,7:00:00 AM,31.8783000,31.9742000,32.3059000,32.1401000
2/21/2022,7:00:00 AM,31.8792000,31.9723000,32.3034000,32.1379000
2/22/2022,7:00:00 AM,32.1176000,32.2180000,32.5484000,32.3832000
2/23/2022,7:00:00 AM,32.1267000,32.2289000,32.5599000,32.3944000
2/24/2022,7:00:00 AM,32.1667000,32.2612000,32.5920000,32.4266000
2/25/2022,7:00:00 AM,32.2760000,32.3742000,32.7004000,32.5373000
2/28/2022,7:00:00 AM,32.4626000,32.5610000,32.8917000,32.7264000
3/1/2022,7:00:00 AM,32.3695000,32.4663000,32.7934000,32.6299000
3/2/2022,7:00:00 AM,32.4156000,32.5084000,32.8369000,32.6727000
3/3/2022,7:00:00 AM,32.2596000,32.3568000,32.6850000,32.5209000
3/4/2022,7:00:00 AM,32.3718000,32.4660000,32.7927000,32.6294000
3/7/2022,7:00:00 AM,32.5881000,32.6874000,33.0146000,32.8510000
3/8/2022,7:00:00 AM,32.8276000,32.9265000,33.2526000,33.0896000
3/9/2022,7:00:00 AM,32.8986000,32.9983000,33.3326000,33.1655000
3/10/2022,7:00:00 AM,32.7883000,32.8888000,33.2195000,33.0542000
3/11/2022,7:00:00 AM,32.9491000,33.0502000,33.3846000,33.2174000
3/14/2022,7:00:00 AM,33.1371000,33.2312000,33.5728000,33.4020000
3/15/2022,7:00:00 AM,33.2318000,33.3298000,33.6557000,33.4928000
3/16/2022,7:00:00 AM,33.1879000,33.2867000,33.6075000,33.4471000
3/17/2022,7:00:00 AM,33.0068000,33.0996000,33.4203000,33.2600000
3/18/2022,7:00:00 AM,33.0512000,33.1458000,33.4598000,33.3028000
3/21/2022,7:00:00 AM,33.1486000,33.2468000,33.5805000,33.4137000
3/22/2022,7:00:00 AM,33.3739000,33.4731000,33.8054000,33.6393000
3/23/2022,7:00:00 AM,33.3053000,33.3946000,33.7048000,33.5497000
3/24/2022,7:00:00 AM,33.3839000,33.4813000,33.8059000,33.6436000
3/25/2022,7:00:00 AM,33.2403000,33.3367000,33.6625000,33.4996000
3/28/2022,7:00:00 AM,33.4379000,33.5343000,33.8612000,33.6978000
3/29/2022,7:00:00 AM,33.4651000,33.5625000,33.8957000,33.7291000
3/30/2022,7:00:00 AM,33.1934000,33.2688000,33.5743000,33.4216000
3/31/2022,7:00:00 AM,33.0429000,33.1393000,33.4553000,33.2973000
4/1/2022,7:00:00 AM,33.1007000,33.1956000,33.5272000,33.3614000
4/4/2022,7:00:00 AM,33.2091000,33.3078000,33.6439000,33.4759000
4/5/2022,7:00:00 AM,33.1989000,33.2968000,33.6219000,33.4594000
4/7/2022,7:00:00 AM,33.2368000,33.3339000,33.6611000,33.4975000
4/8/2022,7:00:00 AM,33.2992000,33.3985000,33.7248000,33.5617000
4/11/2022,7:00:00 AM,33.3570000,33.4554000,33.7728000,33.6141000
4/12/2022,7:00:00 AM,33.4084000,33.5018000,33.8338000,33.6678000
4/18/2022,7:00:00 AM,33.4005000,33.4999000,33.8340000,33.6670000
4/19/2022,7:00:00 AM,33.4611000,33.5584000,33.8862000,33.7223000
4/20/2022,7:00:00 AM,33.5589000,33.6571000,33.9838000,33.8205000
4/21/2022,7:00:00 AM,33.5518000,33.6511000,33.9836000,33.8174000
4/22/2022,7:00:00 AM,33.6396000,33.7381000,34.0791000,33.9086000
4/25/2022,7:00:00 AM,33.7408000,33.8362000,34.1637000,34.0000000
4/26/2022,7:00:00 AM,33.8734000,33.9696000,34.2930000,34.1313000
4/27/2022,7:00:00 AM,34.0837000,34.1776000,34.4934000,34.3355000
4/28/2022,7:00:00 AM,34.2080000,34.2837000,34.5720000,34.4279000
4/29/2022,7:00:00 AM,34.0916000,34.1873000,34.5030000,34.3452000
5/3/2022,7:00:00 AM,34.1820000,34.2824000,34.6180000,34.4502000
5/5/2022,7:00:00 AM,33.8205000,33.9224000,34.2507000,34.0866000
5/6/2022,7:00:00 AM,34.1114000,34.2086000,34.5380000,34.3733000
5/9/2022,7:00:00 AM,34.2388000,34.3342000,34.6504000,34.4923000
5/10/2022,7:00:00 AM,34.3050000,34.3993000,34.7201000,34.5597000
5/11/2022,7:00:00 AM,34.4101000,34.5072000,34.8372000,34.6722000
5/12/2022,7:00:00 AM,34.4532000,34.5499000,34.8713000,34.7106000
5/13/2022,7:00:00 AM,34.4621000,34.5613000,34.8900000,34.7257000
5/17/2022,7:00:00 AM,34.3835000,34.4805000,34.8093000,34.6449000
5/18/2022,7:00:00 AM,34.3390000,34.4386000,34.7655000,34.6021000
5/19/2022,7:00:00 AM,34.3683000,34.4672000,34.7968000,34.6320000
5/20/2022,7:00:00 AM,34.1619000,34.2616000,34.5957000,34.4287000
5/23/2022,7:00:00 AM,34.0398000,34.1362000,34.4587000,34.2975000
5/24/2022,7:00:00 AM,33.9351000,34.0336000,34.3536000,34.1936000
5/25/2022,7:00:00 AM,33.9354000,34.0262000,34.3475000,34.1869000
5/26/2022,7:00:00 AM,34.0297000,34.1251000,34.4439000,34.2845000
5/27/2022,7:00:00 AM,33.9243000,34.0160000,34.3396000,34.1778000
5/30/2022,7:00:00 AM,33.8236000,33.9267000,34.2606000,34.0937000
5/31/2022,7:00:00 AM,33.9170000,34.0166000,34.3568000,34.1867000
6/1/2022,7:00:00 AM,34.0854000,34.1801000,34.4972000,34.3387000
6/2/2022,7:00:00 AM,34.1165000,34.2164000,34.5529000,34.3847000
6/6/2022,7:00:00 AM,34.1457000,34.2427000,34.5743000,34.4085000
6/7/2022,7:00:00 AM,34.1887000,34.2844000,34.6197000,34.4521000
6/8/2022,7:00:00 AM,34.2069000,34.3059000,34.6376000,34.4718000
6/9/2022,7:00:00 AM,34.2645000,34.3601000,34.6936000,34.5269000
6/10/2022,7:00:00 AM,34.3969000,34.4886000,34.8144000,34.6515000
6/13/2022,7:00:00 AM,34.5422000,34.6409000,34.9847000,34.8128000
6/14/2022,7:00:00 AM,34.6854000,34.7832000,35.1114000,34.9473000
6/15/2022,7:00:00 AM,34.8058000,34.9035000,35.2271000,35.0653000
6/16/2022,7:00:00 AM,34.7030000,34.8027000,35.1226000,34.9627000
6/17/2022,7:00:00 AM,34.9398000,35.0384000,35.3562000,35.1973000
6/20/2022,7:00:00 AM,35.0232000,35.1189000,35.4485000,35.2837000
6/21/2022,7:00:00 AM,35.1113000,35.2090000,35.5310000,35.3700000
6/22/2022,7:00:00 AM,35.1951000,35.2924000,35.6243000,35.4584000
6/23/2022,7:00:00 AM,35.1550000,35.2478000,35.5684000,35.4081000
6/24/2022,7:00:00 AM,35.2721000,35.3679000,35.7065000,35.5372000
6/27/2022,7:00:00 AM,35.1532000,35.2528000,35.5839000,35.4184000
6/28/2022,7:00:00 AM,34.9757000,35.0811000,35.4221000,35.2516000
6/29/2022,7:00:00 AM,34.8209000,34.9189000,35.2491000,35.0840000
6/30/2022,7:00:00 AM,35.0306000,35.1302000,35.4638000,35.2970000
7/1/2022,7:00:00 AM,35.2288000,35.3284000,35.6658000,35.4971000
7/4/2022,7:00:00 AM,35.4125000,35.5038000,35.8566000,35.6802000
7/5/2022,7:00:00 AM,35.4422000,35.5377000,35.8652000,35.7015000
7/6/2022,7:00:00 AM,35.7301000,35.8288000,36.1566000,35.9927000
7/7/2022,7:00:00 AM,35.9416000,36.0343000,36.3622000,36.1983000
7/8/2022,7:00:00 AM,35.7357000,35.8333000,36.1575000,35.9954000
7/11/2022,7:00:00 AM,35.7033000,35.8038000,36.1419000,35.9729000
7/12/2022,7:00:00 AM,36.0355000,36.1347000,36.4518000,36.2933000
7/14/2022,7:00:00 AM,36.0756000,36.1704000,36.4962000,36.3333000
7/15/2022,7:00:00 AM,36.3772000,36.4749000,36.8023000,36.6386000
7/18/2022,7:00:00 AM,36.3280000,36.4274000,36.7620000,36.5947000
7/19/2022,7:00:00 AM,36.4076000,36.5067000,36.8318000,36.6693000
7/20/2022,7:00:00 AM,36.3730000,36.4785000,36.8055000,36.6420000
7/21/2022,7:00:00 AM,36.5183000,36.6142000,36.9392000,36.7767000
7/22/2022,7:00:00 AM,36.5716000,36.6703000,36.9927000,36.8315000
7/25/2022,7:00:00 AM,36.4311000,36.5296000,36.8594000,36.6945000
7/26/2022,7:00:00 AM,36.4126000,36.5105000,36.8499000,36.6802000
7/27/2022,7:00:00 AM,36.5488000,36.6433000,36.9776000,36.8105000
8/1/2022,7:00:00 AM,35.9484000,36.0428000,36.3922000,36.2175000
8/2/2022,7:00:00 AM,35.8275000,35.9245000,36.2466000,36.0856000
8/3/2022,7:00:00 AM,35.9426000,36.0355000,36.3690000,36.2023000
8/4/2022,7:00:00 AM,35.8905000,35.9893000,36.3148000,36.1521000
8/5/2022,7:00:00 AM,35.4328000,35.5274000,35.8500000,35.6887000
8/8/2022,7:00:00 AM,35.5287000,35.6220000,35.9454000,35.7837000
8/9/2022,7:00:00 AM,35.2068000,35.3064000,35.6357000,35.4711000
8/10/2022,7:00:00 AM,35.1721000,35.2653000,35.5954000,35.4304000
8/11/2022,7:00:00 AM,35.0565000,35.1561000,35.4883000,35.3222000
8/15/2022,7:00:00 AM,35.1389000,35.2441000,35.5781000,35.4111000
8/16/2022,7:00:00 AM,35.2009000,35.2961000,35.6257000,35.4609000
8/17/2022,7:00:00 AM,35.1323000,35.2278000,35.5565000,35.3922000
8/18/2022,7:00:00 AM,35.3001000,35.3943000,35.7250000,35.5597000
8/19/2022,7:00:00 AM,35.4589000,35.5571000,35.8858000,35.7215000
8/22/2022,7:00:00 AM,35.6669000,35.7615000,36.0947000,35.9281000
8/23/2022,7:00:00 AM,35.9330000,36.0318000,36.3566000,36.1942000
8/24/2022,7:00:00 AM,35.8909000,35.9891000,36.3110000,36.1501000
8/25/2022,7:00:00 AM,35.6407000,35.7332000,36.0577000,35.8955000
8/26/2022,7:00:00 AM,35.6612000,35.7557000,36.0838000,35.9198000
8/29/2022,7:00:00 AM,36.1326000,36.2309000,36.5640000,36.3975000
8/30/2022,7:00:00 AM,36.1540000,36.2517000,36.5720000,36.4119000
8/31/2022,7:00:00 AM,36.2184000,36.3165000,36.6404000,36.4785000
9/1/2022,7:00:00 AM,36.4283000,36.5235000,36.8551000,36.6893000
9/2/2022,7:00:00 AM,36.5216000,36.6226000,36.9511000,36.7869000
9/5/2022,7:00:00 AM,36.4893000,36.5884000,36.9008000,36.7446000
9/6/2022,7:00:00 AM,36.1825000,36.2775000,36.6024000,36.4400000
9/7/2022,7:00:00 AM,36.4727000,36.5735000,36.9009000,36.7372000
9/8/2022,7:00:00 AM,36.1909000,36.2856000,36.6190000,36.4523000
9/9/2022,7:00:00 AM,36.0714000,36.1687000,36.4993000,36.3340000
9/12/2022,7:00:00 AM,36.1516000,36.2517000,36.5822000,36.4170000
9/13/2022,7:00:00 AM,36.0290000,36.1268000,36.4610000,36.2939000
9/14/2022,7:00:00 AM,36.4114000,36.5102000,36.8491000,36.6797000
9/15/2022,7:00:00 AM,36.4384000,36.5349000,36.8649000,36.6999000
9/16/2022,7:00:00 AM,36.7441000,36.8401000,37.1848000,37.0125000
9/19/2022,7:00:00 AM,36.6506000,36.7451000,37.0806000,36.9129000
9/20/2022,7:00:00 AM,36.6600000,36.7568000,37.0863000,36.9216000
9/21/2022,7:00:00 AM,36.8578000,36.9577000,37.2874000,37.1226000
9/22/2022,7:00:00 AM,37.0993000,37.1963000,37.5303000,37.3633000
9/23/2022,7:00:00 AM,37.0761000,37.1732000,37.4864000,37.3298000
9/26/2022,7:00:00 AM,37.5295000,37.6200000,37.9351000,37.7776000
9/27/2022,7:00:00 AM,37.6490000,37.7475000,38.0752000,37.9114000
9/28/2022,7:00:00 AM,37.8658000,37.9548000,38.2979000,38.1264000
9/29/2022,7:00:00 AM,37.8383000,37.9192000,38.2743000,38.0968000
9/30/2022,7:00:00 AM,37.6486000,37.7454000,38.0679000,37.9067000
10/3/2022,7:00:00 AM,37.7419000,37.8343000,38.1710000,38.0027000
10/4/2022,7:00:00 AM,37.5024000,37.6018000,37.9276000,37.7647000
10/5/2022,7:00:00 AM,37.1379000,37.2390000,37.5592000,37.3991000
10/6/2022,7:00:00 AM,37.0354000,37.1320000,37.4588000,37.2954000
10/7/2022,7:00:00 AM,37.1774000,37.2741000,37.5947000,37.4344000
10/10/2022,7:00:00 AM,37.5064000,37.5985000,37.9266000,37.7626000
10/11/2022,7:00:00 AM,37.8438000,37.9381000,38.2615000,38.0998000
10/12/2022,7:00:00 AM,37.9061000,38.0038000,38.3251000,38.1645000
10/17/2022,7:00:00 AM,37.9085000,38.0065000,38.3293000,38.1679000
10/18/2022,7:00:00 AM,37.8024000,37.8976000,38.2199000,38.0588000
10/19/2022,7:00:00 AM,37.8141000,37.9079000,38.2314000,38.0697000
10/20/2022,7:00:00 AM,38.0339000,38.1275000,38.4745000,38.3010000
10/21/2022,7:00:00 AM,38.0781000,38.1755000,38.5005000,38.3380000
10/25/2022,7:00:00 AM,37.9312000,38.0312000,38.3593000,38.1953000
10/26/2022,7:00:00 AM,37.6848000,37.7887000,38.1110000,37.9499000
10/27/2022,7:00:00 AM,37.4957000,37.5922000,37.9131000,37.7527000
10/28/2022,7:00:00 AM,37.5233000,37.6099000,37.9183000,37.7641000
10/31/2022,7:00:00 AM,37.7650000,37.8631000,38.1937000,38.0284000
11/1/2022,7:00:00 AM,37.6589000,37.7538000,38.0886000,37.9212000
11/2/2022,7:00:00 AM,37.3979000,37.4941000,37.8164000,37.6553000
11/3/2022,7:00:00 AM,37.5613000,37.6566000,37.9901000,37.8234000
11/4/2022,7:00:00 AM,37.4493000,37.5437000,37.9039000,37.7238000
11/7/2022,7:00:00 AM,37.1481000,37.2450000,37.5707000,37.4079000
11/8/2022,7:00:00 AM,37.0741000,37.1709000,37.4936000,37.3323000
11/9/2022,7:00:00 AM,36.5983000,36.6958000,37.0231000,36.8595000
11/10/2022,7:00:00 AM,36.6190000,36.7168000,37.0418000,36.8793000
11/11/2022,7:00:00 AM,35.7393000,35.8374000,36.1859000,36.0117000
11/14/2022,7:00:00 AM,35.5741000,35.6705000,35.9930000,35.8318000
11/15/2022,7:00:00 AM,35.4277000,35.5282000,35.8595000,35.6939000
11/16/2022,7:00:00 AM,35.4326000,35.5315000,35.8524000,35.6920000
11/17/2022,7:00:00 AM,35.5670000,35.6675000,35.9994000,35.8335000
11/18/2022,7:00:00 AM,35.5880000,35.6844000,36.0064000,35.8454000
11/21/2022,7:00:00 AM,35.7740000,35.8718000,36.2110000,36.0414000
11/22/2022,7:00:00 AM,35.9127000,36.0110000,36.3511000,36.1811000
11/23/2022,7:00:00 AM,35.8802000,35.9775000,36.3079000,36.1427000
11/24/2022,7:00:00 AM,35.6852000,35.7891000,36.1271000,35.9581000
11/25/2022,7:00:00 AM,35.4260000,35.5216000,35.8446000,35.6831000
11/28/2022,7:00:00 AM,35.6385000,35.7320000,36.0730000,35.9025000
11/29/2022,7:00:00 AM,35.4040000,35.5018000,35.8294000,35.6656000
11/30/2022,7:00:00 AM,35.1119000,35.2097000,35.5352000,35.3725000
12/1/2022,7:00:00 AM,34.7402000,34.8408000,35.1691000,35.0050000
12/2/2022,7:00:00 AM,34.5335000,34.6289000,34.9573000,34.7931000
12/6/2022,7:00:00 AM,34.7535000,34.8513000,35.1816000,35.0165000
12/7/2022,7:00:00 AM,34.8247000,34.9212000,35.2407000,35.0810000
12/8/2022,7:00:00 AM,34.5586000,34.6579000,34.9921000,34.8250000
12/9/2022,7:00:00 AM,34.4905000,34.5904000,34.9137000,34.7521000
12/13/2022,7:00:00 AM,34.5275000,34.6239000,34.9431000,34.7835000
12/14/2022,7:00:00 AM,34.3395000,34.4379000,34.7803000,34.6091000
12/15/2022,7:00:00 AM,34.4709000,34.5562000,34.9006000,34.7284000
12/16/2022,7:00:00 AM,34.7620000,34.8616000,35.1858000,35.0237000
12/19/2022,7:00:00 AM,34.5499000,34.6477000,34.9720000,34.8099000
12/20/2022,7:00:00 AM,34.6471000,34.7461000,35.0685000,34.9073000
12/21/2022,7:00:00 AM,34.4946000,34.5904000,34.9148000,34.7526000
12/22/2022,7:00:00 AM,34.4214000,34.5189000,34.8511000,34.6850000
12/23/2022,7:00:00 AM,34.5641000,34.6632000,34.9926000,34.8279000
12/26/2022,7:00:00 AM,34.4715000,34.5683000,34.9110000,34.7397000
12/27/2022,7:00:00 AM,34.3744000,34.4703000,34.7972000,34.6338000
12/28/2022,7:00:00 AM,34.3910000,34.4900000,34.8244000,34.6572000
12/29/2022,7:00:00 AM,34.4146000,34.5076000,34.8339000,34.6708000
12/30/2022,7:00:00 AM,34.2946000,34.3913000,34.7335000,34.5624000
1/3/2023,7:00:00 AM,34.1392000,34.2359000,34.5626000,34.3993000
1/4/2023,7:00:00 AM,33.9739000,34.0888000,34.4344000,34.2616000
1/5/2023,7:00:00 AM,33.6297000,33.7269000,34.0462000,33.8866000
1/6/2023,7:00:00 AM,33.7483000,33.8479000,34.1677000,34.0078000
1/9/2023,7:00:00 AM,33.2717000,33.3707000,33.6980000,33.5344000
1/10/2023,7:00:00 AM,33.1920000,33.2858000,33.6053000,33.4456000
1/11/2023,7:00:00 AM,33.2551000,33.3554000,33.6839000,33.5197000
1/12/2023,7:00:00 AM,33.0927000,33.1899000,33.5137000,33.3518000
1/13/2023,7:00:00 AM,32.8580000,32.9621000,33.2912000,33.1267000
1/16/2023,7:00:00 AM,32.5803000,32.6736000,32.9959000,32.8348000
1/17/2023,7:00:00 AM,32.8338000,32.9297000,33.2547000,33.0922000
1/18/2023,7:00:00 AM,32.8134000,32.9124000,33.2318000,33.0721000
1/19/2023,7:00:00 AM,32.8193000,32.9165000,33.2435000,33.0800000
1/20/2023,7:00:00 AM,32.5891000,32.6881000,33.0202000,32.8542000
1/23/2023,7:00:00 AM,32.4318000,32.5272000,32.8542000,32.6907000
1/24/2023,7:00:00 AM,32.4938000,32.5929000,32.9200000,32.7565000
1/25/2023,7:00:00 AM,32.5394000,32.6384000,32.9651000,32.8018000
1/26/2023,7:00:00 AM,32.4359000,32.5341000,32.8627000,32.6984000
1/27/2023,7:00:00 AM,32.6047000,32.7008000,33.0269000,32.8639000
1/30/2023,7:00:00 AM,32.4883000,32.5858000,32.9171000,32.7515000
1/31/2023,7:00:00 AM,32.5295000,32.6217000,32.9524000,32.7871000
2/1/2023,7:00:00 AM,32.6389000,32.7375000,33.0653000,32.9014000
2/2/2023,7:00:00 AM,32.4571000,32.5537000,32.8852000,32.7195000
2/3/2023,7:00:00 AM,32.7559000,32.8535000,33.1822000,33.0179000
2/6/2023,7:00:00 AM,33.2618000,33.3613000,33.6869000,33.5241000
2/7/2023,7:00:00 AM,33.3796000,33.4786000,33.8010000,33.6398000
2/8/2023,7:00:00 AM,33.2533000,33.3506000,33.6782000,33.5144000
2/9/2023,7:00:00 AM,33.2649000,33.3659000,33.6970000,33.5315000
2/10/2023,7:00:00 AM,33.3951000,33.4948000,33.8145000,33.6547000
2/13/2023,7:00:00 AM,33.5419000,33.6409000,33.9580000,33.7995000
2/14/2023,7:00:00 AM,33.5638000,33.6609000,33.9870000,33.8240000
2/15/2023,7:00:00 AM,33.7860000,33.8800000,34.1981000,34.0391000
2/16/2023,7:00:00 AM,33.9808000,34.0782000,34.3968000,34.2375000
2/17/2023,7:00:00 AM,34.2513000,34.3505000,34.6730000,34.5118000
2/20/2023,7:00:00 AM,34.1691000,34.2629000,34.5613000,34.4121000
2/21/2023,7:00:00 AM,34.2994000,34.3976000,34.7232000,34.5604000
2/22/2023,7:00:00 AM,34.3862000,34.4857000,34.8109000,34.6483000
2/23/2023,7:00:00 AM,34.3313000,34.4285000,34.7495000,34.5890000
2/24/2023,7:00:00 AM,34.5354000,34.6218000,34.9387000,34.7803000
2/27/2023,7:00:00 AM,34.8206000,34.9080000,35.2144000,35.0612000
2/28/2023,7:00:00 AM,34.8977000,34.9875000,35.3155000,35.1515000
3/1/2023,7:00:00 AM,34.8152000,34.9009000,35.2155000,35.0582000
3/2/2023,7:00:00 AM,34.5873000,34.6837000,35.0018000,34.8428000
3/3/2023,7:00:00 AM,34.5037000,34.6028000,34.9281000,34.7655000
3/7/2023,7:00:00 AM,34.2852000,34.3731000,34.6870000,34.5301000
3/8/2023,7:00:00 AM,34.8442000,34.9423000,35.2706000,35.1065000
3/9/2023,7:00:00 AM,34.8185000,34.9159000,35.2374000,35.0767000
3/10/2023,7:00:00 AM,34.7952000,34.8937000,35.2186000,35.0562000
3/13/2023,7:00:00 AM,34.3375000,34.4272000,34.7532000,34.5902000
3/14/2023,7:00:00 AM,34.2919000,34.3809000,34.7010000,34.5410000
3/15/2023,7:00:00 AM,34.2795000,34.3659000,34.6865000,34.5262000
3/16/2023,7:00:00 AM,34.2604000,34.3569000,34.6828000,34.5199000
3/17/2023,7:00:00 AM,33.9894000,34.0783000,34.4107000,34.2445000
3/20/2023,7:00:00 AM,33.8330000,33.9188000,34.2408000,34.0798000
3/21/2023,7:00:00 AM,33.8963000,33.9901000,34.3231000,34.1566000
3/22/2023,7:00:00 AM,34.2146000,34.3030000,34.6187000,34.4609000
3/23/2023,7:00:00 AM,33.8824000,33.9660000,34.2919000,34.1290000
3/24/2023,7:00:00 AM,33.8458000,33.9359000,34.2635000,34.0997000
3/27/2023,7:00:00 AM,34.0504000,34.1346000,34.4622000,34.2984000
3/28/2023,7:00:00 AM,34.0454000,34.1418000,34.4742000,34.3080000
3/29/2023,7:00:00 AM,34.0300000,34.1167000,34.4357000,34.2762000
3/30/2023,7:00:00 AM,33.9978000,34.0966000,34.4254000,34.2610000
3/31/2023,7:00:00 AM,33.8386000,33.9345000,34.2631000,34.0988000
4/3/2023,7:00:00 AM,34.1308000,34.2054000,34.5320000,34.3687000
4/4/2023,7:00:00 AM,33.9911000,34.0896000,34.4214000,34.2555000
4/5/2023,7:00:00 AM,33.6807000,33.7829000,34.1132000,33.9481000
4/7/2023,7:00:00 AM,33.8341000,33.9336000,34.2687000,34.1012000
4/10/2023,7:00:00 AM,34.0364000,34.1366000,34.4671000,34.3019000
4/11/2023,7:00:00 AM,34.0514000,34.1531000,34.4803000,34.3167000
4/12/2023,7:00:00 AM,33.9787000,34.0790000,34.4139000,34.2465000
4/17/2023,7:00:00 AM,34.0625000,34.1656000,34.5022000,34.3339000
4/18/2023,7:00:00 AM,34.1617000,34.2628000,34.5892000,34.4260000
4/19/2023,7:00:00 AM,34.1027000,34.1982000,34.5264000,34.3623000
4/20/2023,7:00:00 AM,34.1549000,34.2433000,34.5636000,34.4035000
4/21/2023,7:00:00 AM,34.1056000,34.1901000,34.5097000,34.3499000
4/24/2023,7:00:00 AM,34.2117000,34.3011000,34.6276000,34.4644000
4/25/2023,7:00:00 AM,34.0797000,34.1784000,34.4988000,34.3386000
4/26/2023,7:00:00 AM,34.0290000,34.1280000,34.4535000,34.2908000
4/27/2023,7:00:00 AM,33.8538000,33.9473000,34.2812000,34.1143000
4/28/2023,7:00:00 AM,33.8778000,33.9732000,34.3005000,34.1369000
5/2/2023,7:00:00 AM,33.9281000,34.0142000,34.3423000,34.1783000
5/3/2023,7:00:00 AM,33.7854000,33.8780000,34.2054000,34.0417000
5/8/2023,7:00:00 AM,33.6647000,33.7627000,34.0900000,33.9264000
5/9/2023,7:00:00 AM,33.4773000,33.5716000,33.9027000,33.7372000
5/10/2023,7:00:00 AM,33.4100000,33.5038000,33.8365000,33.6702000
5/11/2023,7:00:00 AM,33.4444000,33.5299000,33.8458000,33.6879000
5/12/2023,7:00:00 AM,33.6428000,33.7392000,34.0612000,33.9002000
5/15/2023,7:00:00 AM,33.5302000,33.6234000,33.9590000,33.7912000
5/16/2023,7:00:00 AM,33.6015000,33.6966000,34.0248000,33.8607000
5/17/2023,7:00:00 AM,33.9116000,34.0071000,34.3384000,34.1728000
5/18/2023,7:00:00 AM,33.9580000,34.0525000,34.3731000,34.2128000
5/19/2023,7:00:00 AM,34.2062000,34.3043000,34.6241000,34.4642000
5/22/2023,7:00:00 AM,34.1456000,34.2433000,34.5631000,34.4032000
5/23/2023,7:00:00 AM,34.3546000,34.4498000,34.7718000,34.6108000
5/24/2023,7:00:00 AM,34.3108000,34.3941000,34.7093000,34.5517000
5/25/2023,7:00:00 AM,34.4392000,34.5412000,34.8652000,34.7032000
5/26/2023,7:00:00 AM,34.3941000,34.4931000,34.8257000,34.6594000
5/29/2023,7:00:00 AM,34.5246000,34.6227000,34.9457000,34.7842000
5/30/2023,7:00:00 AM,34.4914000,34.5891000,34.9137000,34.7514000
5/31/2023,7:00:00 AM,34.4712000,34.5684000,34.8953000,34.7319000
6/1/2023,7:00:00 AM,34.4919000,34.5722000,34.8944000,34.7333000
6/2/2023,7:00:00 AM,34.3489000,34.4350000,34.7610000,34.5980000
6/6/2023,7:00:00 AM,34.5009000,34.5983000,34.9325000,34.7654000
6/7/2023,7:00:00 AM,34.4910000,34.5853000,34.9252000,34.7553000
6/8/2023,7:00:00 AM,34.6060000,34.7018000,35.0339000,34.8679000
6/9/2023,7:00:00 AM,34.3711000,34.4594000,34.7839000,34.6217000
6/12/2023,7:00:00 AM,34.3978000,34.4883000,34.8074000,34.6479000
6/13/2023,7:00:00 AM,34.3192000,34.4053000,34.7264000,34.5659000
6/14/2023,7:00:00 AM,34.3806000,34.4715000,34.7957000,34.6336000
6/15/2023,7:00:00 AM,34.5611000,34.6532000,34.9842000,34.8187000
6/16/2023,7:00:00 AM,34.3869000,34.4836000,34.8121000,34.6479000
6/19/2023,7:00:00 AM,34.4889000,34.5728000,34.8980000,34.7354000
6/20/2023,7:00:00 AM,34.4953000,34.5936000,34.9242000,34.7589000
6/21/2023,7:00:00 AM,34.5927000,34.6763000,35.0066000,34.8415000
6/22/2023,7:00:00 AM,34.6497000,34.7416000,35.0707000,34.9062000
6/23/2023,7:00:00 AM,34.9650000,35.0513000,35.3674000,35.2094000
6/26/2023,7:00:00 AM,34.9599000,35.0557000,35.3806000,35.2182000
6/27/2023,7:00:00 AM,34.9594000,35.0450000,35.3610000,35.2030000
6/28/2023,7:00:00 AM,35.1652000,35.2558000,35.5871000,35.4215000
6/29/2023,7:00:00 AM,35.3691000,35.4692000,35.7958000,35.6325000
6/30/2023,7:00:00 AM,35.3426000,35.4297000,35.7489000,35.5893000
7/3/2023,7:00:00 AM,34.9544000,35.0408000,35.3599000,35.2004000
7/4/2023,7:00:00 AM,34.7521000,34.8508000,35.1751000,35.0130000
7/5/2023,7:00:00 AM,34.6502000,34.7392000,35.0723000,34.9058000
7/6/2023,7:00:00 AM,34.8458000,34.9426000,35.2660000,35.1043000
7/7/2023,7:00:00 AM,34.9809000,35.0778000,35.4111000,35.2445000
7/10/2023,7:00:00 AM,34.8819000,34.9775000,35.3065000,35.1420000
7/11/2023,7:00:00 AM,34.6424000,34.7408000,35.0823000,34.9116000
7/12/2023,7:00:00 AM,34.5671000,34.6542000,34.9919000,34.8231000
7/13/2023,7:00:00 AM,34.3405000,34.4436000,34.7699000,34.6068000
7/14/2023,7:00:00 AM,34.3503000,34.4453000,34.7683000,34.6068000
7/17/2023,7:00:00 AM,34.4071000,34.4973000,34.8191000,34.6582000
7/18/2023,7:00:00 AM,34.0694000,34.1500000,34.4818000,34.3159000
7/19/2023,7:00:00 AM,33.8196000,33.9065000,34.2215000,34.0640000
7/20/2023,7:00:00 AM,33.6969000,33.7803000,34.1001000,33.9402000
7/21/2023,7:00:00 AM,34.0593000,34.1434000,34.4640000,34.3037000
7/24/2023,7:00:00 AM,34.2379000,34.3344000,34.6572000,34.4958000
7/25/2023,7:00:00 AM,34.2426000,34.3374000,34.6652000,34.5013000
7/26/2023,7:00:00 AM,34.1545000,34.2468000,34.5699000,34.4084000
7/27/2023,7:00:00 AM,33.8349000,33.9285000,34.2512000,34.0899000
7/31/2023,7:00:00 AM,33.9860000,34.0821000,34.4111000,34.2466000
8/2/2023,7:00:00 AM,34.0903000,34.1755000,34.4950000,34.3353000
8/3/2023,7:00:00 AM,34.2650000,34.3571000,34.6934000,34.5253000
8/4/2023,7:00:00 AM,34.4139000,34.5067000,34.8344000,34.6706000
8/7/2023,7:00:00 AM,34.5114000,34.5941000,34.9083000,34.7512000
8/8/2023,7:00:00 AM,34.6786000,34.7726000,35.1046000,34.9386000
8/9/2023,7:00:00 AM,34.7015000,34.7994000,35.1252000,34.9623000
8/10/2023,7:00:00 AM,34.8224000,34.9194000,35.2468000,35.0831000
8/11/2023,7:00:00 AM,34.8565000,34.9543000,35.2821000,35.1182000
8/15/2023,7:00:00 AM,35.0448000,35.1415000,35.4729000,35.3072000
8/16/2023,7:00:00 AM,35.1560000,35.2532000,35.5810000,35.4171000
8/17/2023,7:00:00 AM,35.2636000,35.3627000,35.6915000,35.5271000
8/18/2023,7:00:00 AM,35.1350000,35.2292000,35.5588000,35.3940000
8/21/2023,7:00:00 AM,35.0624000,35.1571000,35.4824000,35.3198000
8/22/2023,7:00:00 AM,34.8444000,34.9317000,35.2576000,35.0947000
8/23/2023,7:00:00 AM,34.7046000,34.7896000,35.1085000,34.9491000
8/24/2023,7:00:00 AM,34.6643000,34.7450000,35.0653000,34.9052000
8/25/2023,7:00:00 AM,34.8549000,34.9331000,35.2571000,35.0951000
8/28/2023,7:00:00 AM,34.9440000,35.0307000,35.3609000,35.1958000
8/29/2023,7:00:00 AM,34.9297000,35.0279000,35.3644000,35.1962000
8/30/2023,7:00:00 AM,34.8068000,34.9043000,35.2340000,35.0692000
8/31/2023,7:00:00 AM,34.6872000,34.7745000,35.0956000,34.9351000
9/1/2023,7:00:00 AM,34.7591000,34.8568000,35.1899000,35.0234000
9/4/2023,7:00:00 AM,34.8974000,34.9753000,35.2939000,35.1346000
9/5/2023,7:00:00 AM,35.1099000,35.1954000,35.5299000,35.3627000
9/6/2023,7:00:00 AM,35.2383000,35.3273000,35.6592000,35.4933000
9/7/2023,7:00:00 AM,35.3227000,35.4079000,35.7322000,35.5701000
9/8/2023,7:00:00 AM,35.3050000,35.3889000,35.7111000,35.5500000
9/11/2023,7:00:00 AM,35.2527000,35.3466000,35.6730000,35.5098000
9/12/2023,7:00:00 AM,35.2984000,35.3824000,35.7210000,35.5517000
9/13/2023,7:00:00 AM,35.4158000,35.5146000,35.8401000,35.6774000
9/14/2023,7:00:00 AM,35.4864000,35.5673000,35.8827000,35.7250000
9/15/2023,7:00:00 AM,35.5316000,35.6110000,35.9323000,35.7717000
9/18/2023,7:00:00 AM,35.4394000,35.5262000,35.8473000,35.6868000
9/19/2023,7:00:00 AM,35.5795000,35.6563000,35.9808000,35.8186000
9/20/2023,7:00:00 AM,35.9217000,36.0154000,36.3484000,36.1819000
9/21/2023,7:00:00 AM,35.9435000,36.0404000,36.3674000,36.2039000
9/22/2023,7:00:00 AM,35.9203000,35.9994000,36.3180000,36.1587000
9/25/2023,7:00:00 AM,35.7429000,35.8352000,36.1609000,35.9981000
9/26/2023,7:00:00 AM,36.0705000,36.1580000,36.4792000,36.3186000
9/27/2023,7:00:00 AM,36.2368000,36.3313000,36.6590000,36.4952000
9/28/2023,7:00:00 AM,36.4844000,36.5672000,36.9043000,36.7358000
9/29/2023,7:00:00 AM,36.2958000,36.3944000,36.7222000,36.5583000
10/2/2023,7:00:00 AM,36.5458000,36.6224000,36.9414000,36.7819000
10/3/2023,7:00:00 AM,36.8196000,36.9187000,37.2494000,37.0841000
10/4/2023,7:00:00 AM,36.9000000,36.9848000,37.3012000,37.1430000
10/5/2023,7:00:00 AM,36.6456000,36.7402000,37.0647000,36.9025000
10/6/2023,7:00:00 AM,36.7268000,36.8054000,37.1277000,36.9666000
10/9/2023,7:00:00 AM,36.8174000,36.9130000,37.2354000,37.0742000
10/10/2023,7:00:00 AM,36.6399000,36.7327000,37.0589000,36.8958000
10/11/2023,7:00:00 AM,36.2104000,36.3060000,36.6386000,36.4723000
10/12/2023,7:00:00 AM,35.9709000,36.0471000,36.3690000,36.2081000
10/16/2023,7:00:00 AM,36.0289000,36.1096000,36.4281000,36.2689000
10/17/2023,7:00:00 AM,36.1593000,36.2486000,36.5687000,36.4087000
10/18/2023,7:00:00 AM,36.0908000,36.1711000,36.4919000,36.3315000
10/19/2023,7:00:00 AM,36.1553000,36.2473000,36.5806000,36.4140000
10/20/2023,7:00:00 AM,36.2205000,36.3105000,36.6354000,36.4730000
10/24/2023,7:00:00 AM,35.9111000,36.0065000,36.3364000,36.1715000
10/25/2023,7:00:00 AM,35.8882000,35.9700000,36.2928000,36.1314000
10/26/2023,7:00:00 AM,36.0652000,36.1606000,36.4851000,36.3229000
10/27/2023,7:00:00 AM,35.9885000,36.0698000,36.3875000,36.2287000
10/30/2023,7:00:00 AM,35.7951000,35.8870000,36.2200000,36.0535000
10/31/2023,7:00:00 AM,35.7492000,35.8442000,36.1631000,36.0037000
11/1/2023,7:00:00 AM,35.9930000,36.0887000,36.4147000,36.2517000
11/2/2023,7:00:00 AM,35.7565000,35.8486000,36.1776000,36.0131000
11/3/2023,7:00:00 AM,35.5997000,35.6953000,36.0194000,35.8574000
11/6/2023,7:00:00 AM,35.2100000,35.3005000,35.6259000,35.4632000
11/7/2023,7:00:00 AM,35.2629000,35.3597000,35.6811000,35.5204000
11/8/2023,7:00:00 AM,35.2638000,35.3562000,35.6781000,35.5172000
11/9/2023,7:00:00 AM,35.2297000,35.3206000,35.6458000,35.4832000
11/10/2023,7:00:00 AM,35.5657000,35.6419000,35.9698000,35.8059000
11/13/2023,7:00:00 AM,35.7702000,35.8690000,36.1947000,36.0319000
11/14/2023,7:00:00 AM,35.8312000,35.9093000,36.2334000,36.0714000
11/15/2023,7:00:00 AM,35.2681000,35.3601000,35.6954000,35.5278000
11/16/2023,7:00:00 AM,35.3353000,35.4318000,35.7528000,35.5923000
11/17/2023,7:00:00 AM,34.9426000,35.0230000,35.3459000,35.1845000
11/20/2023,7:00:00 AM,34.8296000,34.9192000,35.2465000,35.0829000
11/21/2023,7:00:00 AM,34.8502000,34.9438000,35.2666000,35.1052000
11/22/2023,7:00:00 AM,34.9784000,35.0577000,35.3750000,35.2164000
11/23/2023,7:00:00 AM,34.9871000,35.0737000,35.4084000,35.2411000
11/24/2023,7:00:00 AM,35.1817000,35.2631000,35.5804000,35.4218000
11/27/2023,7:00:00 AM,34.9863000,35.0826000,35.4139000,35.2483000
11/28/2023,7:00:00 AM,34.6870000,34.7799000,35.1006000,34.9403000
11/29/2023,7:00:00 AM,34.4366000,34.5316000,34.8558000,34.6937000
11/30/2023,7:00:00 AM,34.7064000,34.7803000,35.1087000,34.9445000
12/1/2023,7:00:00 AM,34.9922000,35.0783000,35.3980000,35.2382000
12/4/2023,7:00:00 AM,34.6422000,34.7227000,35.0389000,34.8808000
12/6/2023,7:00:00 AM,34.9037000,34.9883000,35.3029000,35.1456000
12/7/2023,7:00:00 AM,35.0091000,35.1099000,35.4322000,35.2711000
12/8/2023,7:00:00 AM,34.9848000,35.0650000,35.3824000,35.2237000
12/12/2023,7:00:00 AM,35.3390000,35.4374000,35.7683000,35.6029000
12/13/2023,7:00:00 AM,35.4775000,35.5746000,35.8965000,35.7356000
12/14/2023,7:00:00 AM,34.8867000,34.9829000,35.3107000,35.1468000
12/15/2023,7:00:00 AM,34.6309000,34.7100000,35.0294000,34.8697000
12/18/2023,7:00:00 AM,34.6924000,34.7877000,35.1179000,34.9528000
12/19/2023,7:00:00 AM,34.7197000,34.8127000,35.1410000,34.9769000
12/20/2023,7:00:00 AM,34.6587000,34.7530000,35.0799000,34.9165000
12/21/2023,7:00:00 AM,34.6944000,34.7755000,35.0960000,34.9358000
12/22/2023,7:00:00 AM,34.4326000,34.5214000,34.8440000,34.6827000
12/25/2023,7:00:00 AM,34.3594000,34.4393000,34.7726000,34.6060000
12/26/2023,7:00:00 AM,34.3535000,34.4471000,34.7859000,34.6165000
12/27/2023,7:00:00 AM,34.2238000,34.3187000,34.6437000,34.4812000
12/28/2023,7:00:00 AM,33.9685000,34.0590000,34.3876000,34.2233000
1/2/2024,7:00:00 AM,33.9954000,34.0938000,34.4143000,34.2541000
1/3/2024,7:00:00 AM,34.0178000,34.1071000,34.4324000,34.2698000
1/4/2024,7:00:00 AM,34.2532000,34.3489000,34.6718000,34.5104000
1/5/2024,7:00:00 AM,34.3376000,34.4168000,34.7289000,34.5729000
1/8/2024,7:00:00 AM,34.5683000,34.6636000,34.9801000,34.8219000
1/9/2024,7:00:00 AM,34.6401000,34.7351000,35.0538000,34.8945000
1/10/2024,7:00:00 AM,34.8127000,34.8921000,35.2088000,35.0505000
1/11/2024,7:00:00 AM,34.7631000,34.8569000,35.1869000,35.0219000
1/12/2024,7:00:00 AM,34.7934000,34.8882000,35.2243000,35.0563000
1/15/2024,7:00:00 AM,34.6255000,34.7170000,35.0373000,34.8772000
1/16/2024,7:00:00 AM,34.9009000,34.9802000,35.3045000,35.1424000
1/17/2024,7:00:00 AM,35.2677000,35.3646000,35.6865000,35.5256000
1/18/2024,7:00:00 AM,35.3220000,35.4070000,35.7223000,35.5647000
1/19/2024,7:00:00 AM,35.3017000,35.3930000,35.7171000,35.5551000
1/22/2024,7:00:00 AM,35.3126000,35.3894000,35.7079000,35.5487000
1/23/2024,7:00:00 AM,35.3794000,35.4725000,35.7888000,35.6307000
1/24/2024,7:00:00 AM,35.5382000,35.6340000,35.9589000,35.7965000
1/25/2024,7:00:00 AM,35.5160000,35.5949000,35.9129000,35.7539000
1/26/2024,7:00:00 AM,35.4425000,35.5180000,35.8382000,35.6781000
1/29/2024,7:00:00 AM,35.3287000,35.4108000,35.7326000,35.5717000
1/30/2024,7:00:00 AM,35.1020000,35.1932000,35.5197000,35.3565000
1/31/2024,7:00:00 AM,35.1667000,35.2676000,35.5944000,35.4310000
2/1/2024,7:00:00 AM,35.2515000,35.3459000,35.6672000,35.5066000
2/2/2024,7:00:00 AM,35.0841000,35.1778000,35.5045000,35.3412000
2/5/2024,7:00:00 AM,35.4167000,35.5142000,35.8507000,35.6825000
2/6/2024,7:00:00 AM,35.4520000,35.5484000,35.8761000,35.7123000
2/7/2024,7:00:00 AM,35.2772000,35.3663000,35.6930000,35.5297000
2/8/2024,7:00:00 AM,35.4459000,35.5397000,35.8664000,35.7031000
2/9/2024,7:00:00 AM,35.6593000,35.7543000,36.0766000,35.9155000
2/12/2024,7:00:00 AM,35.6549000,35.7387000,36.0636000,35.9012000
2/13/2024,7:00:00 AM,35.5431000,35.6385000,35.9676000,35.8031000
2/14/2024,7:00:00 AM,35.8174000,35.9128000,36.2577000,36.0853000
2/15/2024,7:00:00 AM,35.9016000,35.9826000,36.3048000,36.1437000
2/16/2024,7:00:00 AM,35.8535000,35.9478000,36.2737000,36.1108000
2/19/2024,7:00:00 AM,35.6847000,35.7772000,36.1094000,35.9433000
2/20/2024,7:00:00 AM,35.8871000,35.9785000,36.3070000,36.1428000
2/21/2024,7:00:00 AM,35.6949000,35.7790000,36.1036000,35.9413000
2/22/2024,7:00:00 AM,35.6202000,35.7179000,36.0429000,35.8804000
2/23/2024,7:00:00 AM,35.7177000,35.8195000,36.1495000,35.9845000
2/27/2024,7:00:00 AM,35.6349000,35.7283000,36.0603000,35.8943000
2/28/2024,7:00:00 AM,35.6684000,35.7615000,36.0892000,35.9254000